{
  "formula_type": "frequency",
  "population_size": 50,
  "n_generations": 50,
  "mutation_rate": 0.1,
  "generations": [
    {
      "generation_number": 0,
      "population_size": 50,
      "best_fitness": 0.288670019353083,
      "mean_fitness": 0.27685912638044213,
      "fitness_std": 0.0062889332303036,
      "best_individual": {
        "formula_id": "frequency_random_3288",
        "weights": {
          "frequency_to_hue": 0.44641096375243317,
          "entropy_to_complexity": 1.0789158691764855,
          "repetition_to_pattern": 1.2065227338406097,
          "rhythm_to_rotation": 1.0673708124886967
        },
        "fitness": 0.288670019353083,
        "generation": 0,
        "parent_ids": []
      }
    },
    {
      "generation_number": 1,
      "population_size": 50,
      "best_fitness": 0.2945114944467572,
      "mean_fitness": 0.28355643537559877,
      "fitness_std": 0.005855879881473335,
      "best_individual": {
        "formula_id": "frequency_random_817_x_frequency_random_9954",
        "weights": {
          "frequency_to_hue": 0.9595318731951581,
          "entropy_to_complexity": 0.9531087705561734,
          "repetition_to_pattern": 1.0604205081523785,
          "rhythm_to_rotation": 0.7086994201416256
        },
        "fitness": 0.2945114944467572,
        "generation": 1,
        "parent_ids": [
          "frequency_random_817",
          "frequency_random_9954"
        ]
      }
    },
    {
      "generation_number": 2,
      "population_size": 50,
      "best_fitness": 0.29731061653887825,
      "mean_fitness": 0.2891527549631056,
      "fitness_std": 0.0039431270059015686,
      "best_individual": {
        "formula_id": "frequency_random_3288_x_frequency_random_1598_mutated_x_frequency_random_817_x_frequency_random_9954",
        "weights": {
          "frequency_to_hue": 0.9595318731951581,
          "entropy_to_complexity": 0.9531087705561734,
          "repetition_to_pattern": 1.0604205081523785,
          "rhythm_to_rotation": 1.0673708124886967
        },
        "fitness": 0.29731061653887825,
        "generation": 2,
        "parent_ids": [
          "frequency_random_3288_x_frequency_random_1598_mutated",
          "frequency_random_817_x_frequency_random_9954"
        ]
      }
    },
    {
      "generation_number": 3,
      "population_size": 50,
      "best_fitness": 0.29731061653887825,
      "mean_fitness": 0.29290461964576786,
      "fitness_std": 0.002655305727559161,
      "best_individual": {
        "formula_id": "frequency_random_3288_x_frequency_random_1598_mutated_x_frequency_random_817_x_frequency_random_9954",
        "weights": {
          "frequency_to_hue": 0.9595318731951581,
          "entropy_to_complexity": 0.9531087705561734,
          "repetition_to_pattern": 1.0604205081523785,
          "rhythm_to_rotation": 1.0673708124886967
        },
        "fitness": 0.29731061653887825,
        "generation": 3,
        "parent_ids": [
          "frequency_random_3288_x_frequency_random_1598_mutated_x_frequency_random_817_x_frequency_random_9954"
        ]
      }
    },
    {
      "generation_number": 4,
      "population_size": 50,
      "best_fitness": 0.29731061653887825,
      "mean_fitness": 0.2950639415367149,
      "fitness_std": 0.0014460700857408448,
      "best_individual": {
        "formula_id": "frequency_random_3288_x_frequency_random_1598_mutated_x_frequency_random_817_x_frequency_random_9954",
        "weights": {
          "frequency_to_hue": 0.9595318731951581,
          "entropy_to_complexity": 0.9531087705561734,
          "repetition_to_pattern": 1.0604205081523785,
          "rhythm_to_rotation": 1.0673708124886967
        },
        "fitness": 0.29731061653887825,
        "generation": 4,
        "parent_ids": [
          "frequency_random_3288_x_frequency_random_1598_mutated_x_frequency_random_817_x_frequency_random_9954"
        ]
      }
    },
    {
      "generation_number": 5,
      "population_size": 50,
      "best_fitness": 0.2975667412341768,
      "mean_fitness": 0.29663984118612985,
      "fitness_std": 0.0008516265953731086,
      "best_individual": {
        "formula_id": "frequency_random_6660_x_frequency_random_103_x_frequency_random_3288_x_frequency_random_2390_x_frequency_random_3288_x_frequency_random_1598_mutated_x_frequency_random_817_x_frequency_random_9954_x_frequency_random_6848_x_frequency_random_2390_mutated_x_frequency_random_817_x_frequency_random_8526_mutated_mutated_x_frequency_random_3288_x_frequency_random_2390_x_frequency_random_817_x_frequency_random_9954_x_frequency_random_817_x_frequency_random_9954_x_frequency_random_6848_x_frequency_random_2903_x_frequency_random_1576_x_frequency_random_3288",
        "weights": {
          "frequency_to_hue": 0.9800218488190455,
          "entropy_to_complexity": 0.9531087705561734,
          "repetition_to_pattern": 1.0604205081523785,
          "rhythm_to_rotation": 1.0673708124886967
        },
        "fitness": 0.2975667412341768,
        "generation": 5,
        "parent_ids": [
          "frequency_random_6660_x_frequency_random_103_x_frequency_random_3288_x_frequency_random_2390_x_frequency_random_3288_x_frequency_random_1598_mutated_x_frequency_random_817_x_frequency_random_9954_x_frequency_random_6848_x_frequency_random_2390_mutated_x_frequency_random_817_x_frequency_random_8526_mutated_mutated",
          "frequency_random_3288_x_frequency_random_2390_x_frequency_random_817_x_frequency_random_9954_x_frequency_random_817_x_frequency_random_9954_x_frequency_random_6848_x_frequency_random_2903_x_frequency_random_1576_x_frequency_random_3288"
        ]
      }
    },
    {
      "generation_number": 6,
      "population_size": 50,
      "best_fitness": 0.2976312298298725,
      "mean_fitness": 0.29726230005377086,
      "fitness_std": 0.0003423989880688706,
      "best_individual": {
        "formula_id": "frequency_random_3288_x_frequency_random_2390_x_frequency_random_817_x_frequency_random_9954_x_frequency_random_3288_x_frequency_random_1598_mutated_x_frequency_random_817_x_frequency_random_9954_x_frequency_random_7329_x_frequency_random_370_x_frequency_random_3879_x_frequency_random_817_x_frequency_random_3288_x_frequency_random_1598_mutated_x_frequency_random_817_x_frequency_random_9954_x_frequency_random_6660_x_frequency_random_103_x_frequency_random_3879_x_frequency_random_817_x_frequency_random_6848_x_frequency_random_2903_x_frequency_random_1576_x_frequency_random_3288_mutated_x_frequency_random_3288_x_frequency_random_1598_mutated_x_frequency_random_817_x_frequency_random_9954_x_frequency_random_817_x_frequency_random_9954_x_frequency_random_6660_x_frequency_random_103_x_frequency_random_3288_x_frequency_random_2390_x_frequency_random_2903_x_frequency_random_8565_x_frequency_random_6660_x_frequency_random_103_x_frequency_random_3288_x_frequency_random_2390_x_frequency_random_817_x_frequency_random_9954_x_frequency_random_3288_x_frequency_random_1598_mutated_x_frequency_random_817_x_frequency_random_9954_mutated",
        "weights": {
          "frequency_to_hue": 0.9595318731951581,
          "entropy_to_complexity": 1.0212421661642832,
          "repetition_to_pattern": 1.0604205081523785,
          "rhythm_to_rotation": 1.0673708124886967
        },
        "fitness": 0.2976312298298725,
        "generation": 6,