{
  "timestamp": "2025-11-08T12:45:11.772768",
  "method": "comprehensive_optimized",
  "features_tested": 106,
  "significant_features": 34,
  "formula_features": [
    "name_phonetic_complexity",
    "name_phonetic_symmetry",
    "name_phonetic_brightness",
    "name_phonetic_z",
    "name_phonetic_glow",
    "name_phonetic_fractal",
    "name_phonetic_pattern",
    "name_semantic_complexity",
    "name_semantic_symmetry",
    "name_semantic_angular",
    "name_semantic_saturation",
    "name_semantic_brightness",
    "name_semantic_x",
    "name_semantic_y",
    "name_semantic_z",
    "name_semantic_glow",
    "name_semantic_fractal",
    "name_semantic_pattern",
    "name_structural_complexity",
    "name_structural_symmetry"
  ],
  "formula_weights": {
    "name_phonetic_complexity": 0.049999999999999996,
    "name_phonetic_symmetry": 0.049999999999999996,
    "name_phonetic_brightness": 0.049999999999999996,
    "name_phonetic_z": 0.049999999999999996,
    "name_phonetic_glow": 0.049999999999999996,
    "name_phonetic_fractal": 0.049999999999999996,
    "name_phonetic_pattern": 0.049999999999999996,
    "name_semantic_complexity": 0.049999999999999996,
    "name_semantic_symmetry": 0.049999999999999996,
    "name_semantic_angular": 0.049999999999999996,
    "name_semantic_saturation": 0.049999999999999996,
    "name_semantic_brightness": 0.049999999999999996,
    "name_semantic_x": 0.049999999999999996,
    "name_semantic_y": 0.049999999999999996,
    "name_semantic_z": 0.049999999999999996,
    "name_semantic_glow": 0.049999999999999996,
    "name_semantic_fractal": 0.049999999999999996,
    "name_semantic_pattern": 0.049999999999999996,
    "name_structural_complexity": 0.049999999999999996,
    "name_structural_symmetry": 0.049999999999999996
  },
  "population": "REAL_HUMANS",
  "total": 6864,
  "rank": 1,
  "percentile": 0.014568764568764568,
  "score": 0.5,
  "p_value": 0.0001456876456876457
}