{
  "population": "REAL_HUMANS",
  "total": 6864,
  "rank": 1363,
  "percentile": 19.857226107226108,
  "score": 0.6928328974135596,
  "p_value": 0.19857226107226109,
  "time": 2.301832
}