{
  "optimal_method": "elastic",
  "formula": "Performance = -64.553 \u00d7 syllables -45.312 \u00d7 length -118.057 \u00d7 memorability -11.841 \u00d7 uniqueness +34.180 \u00d7 phonetic +30.174 \u00d7 pronounceability +64.40",
  "weights": {
    "syllables": -64.5533,
    "length": -45.3124,
    "memorability": -118.0573,
    "uniqueness": -11.8408,
    "phonetic": 34.1799,
    "pronounceability": 30.1741
  },
  "intercept": 64.4004,
  "performance": {
    "cv_r2_mean": -0.1116,
    "cv_r2_std": 0.183
  },
  "sample_size": 1640,
  "all_methods": {
    "ridge": {
      "weights": [
        -85.12456299352517,
        -51.11601704508538,
        -162.90791036869092,
        -13.455129331218965,
        47.639174610368855,
        42.486940690903715
      ],
      "intercept": 64.40038381502629,
      "cv_r2_mean": -0.14852683544658674,
      "cv_r2_std": 0.238743079187658
    },
    "lasso": {
      "weights": [
        -84.9935589265809,
        -51.03465100523469,
        -162.53585034960503,
        -13.35945409180418,
        47.50667641129532,
        42.34561602449618
      ],
      "intercept": 64.40038381502629,
      "cv_r2_mean": -0.1485072155241713,
      "cv_r2_std": 0.238705192383221,
      "non_zero_features": 6
    },
    "elastic": {
      "weights": [
        -64.55325527456246,
        -45.312370491427515,
        -118.05729752539588,
        -11.840799483752479,
        34.17992355192083,
        30.174091418069523
      ],
      "intercept": 64.40038381502629,
      "cv_r2_mean": -0.11161580941001954,
      "cv_r2_std": 0.18301543221576533
    },
    "evolutionary": {
      "weights": [
        -0.569366459378766,
        -1.8138928645674937,
        0.9360547306027782,
        0.34627766925519365,
        -1.6750350632849151,
        -1.7418490067503796
      ],
      "intercept": 0.0,
      "cv_r2_mean": -0.14931135612202845,
      "optimization_success": true
    }
  }
}